Nr platnika;Nr punktu poboru energii;Rodzaj energii;Data i godzina;Strefa;Wartosc[kWh/kvar];Kompletno윉[%]
xxx;PPE:xxx;energia czynna oddana;2022-06-01 01:00;Ca쓰 doba;0,000;100,00
xxx;PPE:xxx;energia czynna oddana;2022-06-01 02:00;Ca쓰 doba;0,000;100,00
xxx;PPE:xxx;energia czynna oddana;2022-06-01 03:00;Ca쓰 doba;0,000;100,00
xxx;PPE:xxx;energia czynna oddana;2022-06-01 04:00;Ca쓰 doba;0,000;100,00
xxx;PPE:xxx;energia czynna oddana;2022-06-01 05:00;Ca쓰 doba;0,000;100,00
xxx;PPE:xxx;energia czynna oddana;2022-06-01 06:00;Ca쓰 doba;0,013;100,00
xxx;PPE:xxx;energia czynna oddana;2022-06-01 07:00;Ca쓰 doba;0,069;100,00
xxx;PPE:xxx;energia czynna oddana;2022-06-01 08:00;Ca쓰 doba;0,300;100,00
xxx;PPE:xxx;energia czynna oddana;2022-06-01 09:00;Ca쓰 doba;0,669;100,00
xxx;PPE:xxx;energia czynna oddana;2022-06-01 10:00;Ca쓰 doba;1,422;100,00
xxx;PPE:xxx;energia czynna oddana;2022-06-01 11:00;Ca쓰 doba;2,018;100,00
xxx;PPE:xxx;energia czynna oddana;2022-06-01 12:00;Ca쓰 doba;2,355;100,00
xxx;PPE:xxx;energia czynna oddana;2022-06-01 13:00;Ca쓰 doba;2,485;100,00
xxx;PPE:xxx;energia czynna oddana;2022-06-01 14:00;Ca쓰 doba;2,452;100,00
xxx;PPE:xxx;energia czynna oddana;2022-06-01 15:00;Ca쓰 doba;1,475;100,00
xxx;PPE:xxx;energia czynna oddana;2022-06-01 16:00;Ca쓰 doba;0,266;100,00
xxx;PPE:xxx;energia czynna oddana;2022-06-01 17:00;Ca쓰 doba;1,167;100,00
xxx;PPE:xxx;energia czynna oddana;2022-06-01 18:00;Ca쓰 doba;0,575;100,00
xxx;PPE:xxx;energia czynna oddana;2022-06-01 19:00;Ca쓰 doba;0,178;100,00
xxx;PPE:xxx;energia czynna oddana;2022-06-01 20:00;Ca쓰 doba;0,003;100,00
xxx;PPE:xxx;energia czynna oddana;2022-06-01 21:00;Ca쓰 doba;0,002;100,00
xxx;PPE:xxx;energia czynna oddana;2022-06-01 22:00;Ca쓰 doba;0,000;100,00
xxx;PPE:xxx;energia czynna oddana;2022-06-01 23:00;Ca쓰 doba;0,000;100,00
xxx;PPE:xxx;energia czynna oddana;2022-06-02 00:00;Ca쓰 doba;0,000;100,00
xxx;PPE:xxx;energia czynna oddana;2022-06-02 01:00;Ca쓰 doba;0,000;100,00
xxx;PPE:xxx;energia czynna oddana;2022-06-02 02:00;Ca쓰 doba;0,000;100,00
xxx;PPE:xxx;energia czynna oddana;2022-06-02 03:00;Ca쓰 doba;0,000;100,00
xxx;PPE:xxx;energia czynna oddana;2022-06-02 04:00;Ca쓰 doba;0,000;100,00
xxx;PPE:xxx;energia czynna oddana;2022-06-02 05:00;Ca쓰 doba;0,000;100,00
xxx;PPE:xxx;energia czynna oddana;2022-06-02 06:00;Ca쓰 doba;0,000;100,00
xxx;PPE:xxx;energia czynna oddana;2022-06-02 07:00;Ca쓰 doba;0,033;100,00
xxx;PPE:xxx;energia czynna oddana;2022-06-02 08:00;Ca쓰 doba;0,166;100,00
xxx;PPE:xxx;energia czynna oddana;2022-06-02 09:00;Ca쓰 doba;0,809;100,00
xxx;PPE:xxx;energia czynna oddana;2022-06-02 10:00;Ca쓰 doba;1,513;100,00
xxx;PPE:xxx;energia czynna oddana;2022-06-02 11:00;Ca쓰 doba;1,548;100,00
xxx;PPE:xxx;energia czynna oddana;2022-06-02 12:00;Ca쓰 doba;2,243;100,00
xxx;PPE:xxx;energia czynna oddana;2022-06-02 13:00;Ca쓰 doba;2,183;100,00
xxx;PPE:xxx;energia czynna oddana;2022-06-02 14:00;Ca쓰 doba;2,423;100,00
xxx;PPE:xxx;energia czynna oddana;2022-06-02 15:00;Ca쓰 doba;2,211;100,00
xxx;PPE:xxx;energia czynna oddana;2022-06-02 16:00;Ca쓰 doba;2,048;100,00
xxx;PPE:xxx;energia czynna oddana;2022-06-02 17:00;Ca쓰 doba;1,549;100,00
xxx;PPE:xxx;energia czynna oddana;2022-06-02 18:00;Ca쓰 doba;0,584;100,00
xxx;PPE:xxx;energia czynna oddana;2022-06-02 19:00;Ca쓰 doba;0,117;100,00
xxx;PPE:xxx;energia czynna oddana;2022-06-02 20:00;Ca쓰 doba;0,056;100,00
xxx;PPE:xxx;energia czynna oddana;2022-06-02 21:00;Ca쓰 doba;0,006;100,00
xxx;PPE:xxx;energia czynna oddana;2022-06-02 22:00;Ca쓰 doba;0,000;100,00
xxx;PPE:xxx;energia czynna oddana;2022-06-02 23:00;Ca쓰 doba;0,000;100,00
xxx;PPE:xxx;energia czynna oddana;2022-06-03 00:00;Ca쓰 doba;0,000;100,00
xxx;PPE:xxx;energia czynna oddana;2022-06-03 01:00;Ca쓰 doba;0,000;100,00
xxx;PPE:xxx;energia czynna oddana;2022-06-03 02:00;Ca쓰 doba;0,000;100,00
xxx;PPE:xxx;energia czynna oddana;2022-06-03 03:00;Ca쓰 doba;0,000;100,00
xxx;PPE:xxx;energia czynna oddana;2022-06-03 04:00;Ca쓰 doba;0,000;100,00
xxx;PPE:xxx;energia czynna oddana;2022-06-03 05:00;Ca쓰 doba;0,000;100,00
xxx;PPE:xxx;energia czynna oddana;2022-06-03 06:00;Ca쓰 doba;0,018;100,00
xxx;PPE:xxx;energia czynna oddana;2022-06-03 07:00;Ca쓰 doba;0,066;100,00
xxx;PPE:xxx;energia czynna oddana;2022-06-03 08:00;Ca쓰 doba;0,296;100,00
xxx;PPE:xxx;energia czynna oddana;2022-06-03 09:00;Ca쓰 doba;0,658;100,00
xxx;PPE:xxx;energia czynna oddana;2022-06-03 10:00;Ca쓰 doba;1,497;100,00
xxx;PPE:xxx;energia czynna oddana;2022-06-03 11:00;Ca쓰 doba;1,991;100,00
xxx;PPE:xxx;energia czynna oddana;2022-06-03 12:00;Ca쓰 doba;2,166;100,00
xxx;PPE:xxx;energia czynna oddana;2022-06-03 13:00;Ca쓰 doba;2,495;100,00
xxx;PPE:xxx;energia czynna oddana;2022-06-03 14:00;Ca쓰 doba;2,494;100,00
xxx;PPE:xxx;energia czynna oddana;2022-06-03 15:00;Ca쓰 doba;2,363;100,00
xxx;PPE:xxx;energia czynna oddana;2022-06-03 16:00;Ca쓰 doba;1,934;100,00
xxx;PPE:xxx;energia czynna oddana;2022-06-03 17:00;Ca쓰 doba;1,500;100,00
xxx;PPE:xxx;energia czynna oddana;2022-06-03 18:00;Ca쓰 doba;0,617;100,00
xxx;PPE:xxx;energia czynna oddana;2022-06-03 19:00;Ca쓰 doba;0,241;100,00
xxx;PPE:xxx;energia czynna oddana;2022-06-03 20:00;Ca쓰 doba;0,140;100,00
xxx;PPE:xxx;energia czynna oddana;2022-06-03 21:00;Ca쓰 doba;0,000;100,00
xxx;PPE:xxx;energia czynna oddana;2022-06-03 22:00;Ca쓰 doba;0,000;100,00
xxx;PPE:xxx;energia czynna oddana;2022-06-03 23:00;Ca쓰 doba;0,000;100,00
xxx;PPE:xxx;energia czynna oddana;2022-06-04 00:00;Ca쓰 doba;0,000;100,00
xxx;PPE:xxx;energia czynna oddana;2022-06-04 01:00;Ca쓰 doba;0,000;100,00
xxx;PPE:xxx;energia czynna oddana;2022-06-04 02:00;Ca쓰 doba;0,000;100,00
xxx;PPE:xxx;energia czynna oddana;2022-06-04 03:00;Ca쓰 doba;0,000;100,00
xxx;PPE:xxx;energia czynna oddana;2022-06-04 04:00;Ca쓰 doba;0,000;100,00
xxx;PPE:xxx;energia czynna oddana;2022-06-04 05:00;Ca쓰 doba;0,000;100,00
xxx;PPE:xxx;energia czynna oddana;2022-06-04 06:00;Ca쓰 doba;0,000;100,00
xxx;PPE:xxx;energia czynna oddana;2022-06-04 07:00;Ca쓰 doba;0,028;100,00
xxx;PPE:xxx;energia czynna oddana;2022-06-04 08:00;Ca쓰 doba;0,058;100,00
xxx;PPE:xxx;energia czynna oddana;2022-06-04 09:00;Ca쓰 doba;0,314;100,00
xxx;PPE:xxx;energia czynna oddana;2022-06-04 10:00;Ca쓰 doba;0,393;100,00
xxx;PPE:xxx;energia czynna oddana;2022-06-04 11:00;Ca쓰 doba;0,719;100,00
xxx;PPE:xxx;energia czynna oddana;2022-06-04 12:00;Ca쓰 doba;0,417;100,00
xxx;PPE:xxx;energia czynna oddana;2022-06-04 13:00;Ca쓰 doba;1,154;100,00
xxx;PPE:xxx;energia czynna oddana;2022-06-04 14:00;Ca쓰 doba;1,040;100,00
xxx;PPE:xxx;energia czynna oddana;2022-06-04 15:00;Ca쓰 doba;0,442;100,00
xxx;PPE:xxx;energia czynna oddana;2022-06-04 16:00;Ca쓰 doba;0,322;100,00
xxx;PPE:xxx;energia czynna oddana;2022-06-04 17:00;Ca쓰 doba;0,148;100,00
xxx;PPE:xxx;energia czynna oddana;2022-06-04 18:00;Ca쓰 doba;0,312;100,00
xxx;PPE:xxx;energia czynna oddana;2022-06-04 19:00;Ca쓰 doba;0,160;100,00
xxx;PPE:xxx;energia czynna oddana;2022-06-04 20:00;Ca쓰 doba;0,015;100,00
xxx;PPE:xxx;energia czynna oddana;2022-06-04 21:00;Ca쓰 doba;0,001;100,00
xxx;PPE:xxx;energia czynna oddana;2022-06-04 22:00;Ca쓰 doba;0,000;100,00
xxx;PPE:xxx;energia czynna oddana;2022-06-04 23:00;Ca쓰 doba;0,000;100,00
xxx;PPE:xxx;energia czynna oddana;2022-06-05 00:00;Ca쓰 doba;0,000;100,00
xxx;PPE:xxx;energia czynna oddana;2022-06-05 01:00;Ca쓰 doba;0,000;100,00
xxx;PPE:xxx;energia czynna oddana;2022-06-05 02:00;Ca쓰 doba;0,000;100,00
xxx;PPE:xxx;energia czynna oddana;2022-06-05 03:00;Ca쓰 doba;0,000;100,00
xxx;PPE:xxx;energia czynna oddana;2022-06-05 04:00;Ca쓰 doba;0,000;100,00
xxx;PPE:xxx;energia czynna oddana;2022-06-05 05:00;Ca쓰 doba;0,000;100,00
xxx;PPE:xxx;energia czynna oddana;2022-06-05 06:00;Ca쓰 doba;0,023;100,00
xxx;PPE:xxx;energia czynna oddana;2022-06-05 07:00;Ca쓰 doba;0,097;100,00
xxx;PPE:xxx;energia czynna oddana;2022-06-05 08:00;Ca쓰 doba;0,319;100,00
xxx;PPE:xxx;energia czynna oddana;2022-06-05 09:00;Ca쓰 doba;0,635;100,00
xxx;PPE:xxx;energia czynna oddana;2022-06-05 10:00;Ca쓰 doba;1,099;100,00
xxx;PPE:xxx;energia czynna oddana;2022-06-05 11:00;Ca쓰 doba;1,789;100,00
xxx;PPE:xxx;energia czynna oddana;2022-06-05 12:00;Ca쓰 doba;2,222;100,00
xxx;PPE:xxx;energia czynna oddana;2022-06-05 13:00;Ca쓰 doba;2,467;100,00
xxx;PPE:xxx;energia czynna oddana;2022-06-05 14:00;Ca쓰 doba;2,375;100,00
xxx;PPE:xxx;energia czynna oddana;2022-06-05 15:00;Ca쓰 doba;2,233;100,00
xxx;PPE:xxx;energia czynna oddana;2022-06-05 16:00;Ca쓰 doba;1,970;100,00
xxx;PPE:xxx;energia czynna oddana;2022-06-05 17:00;Ca쓰 doba;1,408;100,00
xxx;PPE:xxx;energia czynna oddana;2022-06-05 18:00;Ca쓰 doba;0,606;100,00
xxx;PPE:xxx;energia czynna oddana;2022-06-05 19:00;Ca쓰 doba;0,172;100,00
xxx;PPE:xxx;energia czynna oddana;2022-06-05 20:00;Ca쓰 doba;0,069;100,00
xxx;PPE:xxx;energia czynna oddana;2022-06-05 21:00;Ca쓰 doba;0,000;100,00
xxx;PPE:xxx;energia czynna oddana;2022-06-05 22:00;Ca쓰 doba;0,000;100,00
xxx;PPE:xxx;energia czynna oddana;2022-06-05 23:00;Ca쓰 doba;0,000;100,00
xxx;PPE:xxx;energia czynna oddana;2022-06-06 00:00;Ca쓰 doba;0,000;100,00
xxx;PPE:xxx;energia czynna oddana;2022-06-06 01:00;Ca쓰 doba;0,000;100,00
xxx;PPE:xxx;energia czynna oddana;2022-06-06 02:00;Ca쓰 doba;0,000;100,00
xxx;PPE:xxx;energia czynna oddana;2022-06-06 03:00;Ca쓰 doba;0,000;100,00
xxx;PPE:xxx;energia czynna oddana;2022-06-06 04:00;Ca쓰 doba;0,000;100,00
xxx;PPE:xxx;energia czynna oddana;2022-06-06 05:00;Ca쓰 doba;0,000;100,00
xxx;PPE:xxx;energia czynna oddana;2022-06-06 06:00;Ca쓰 doba;0,029;100,00
xxx;PPE:xxx;energia czynna oddana;2022-06-06 07:00;Ca쓰 doba;0,189;100,00
xxx;PPE:xxx;energia czynna oddana;2022-06-06 08:00;Ca쓰 doba;0,476;100,00
xxx;PPE:xxx;energia czynna oddana;2022-06-06 09:00;Ca쓰 doba;0,892;100,00
xxx;PPE:xxx;energia czynna oddana;2022-06-06 10:00;Ca쓰 doba;0,669;100,00
xxx;PPE:xxx;energia czynna oddana;2022-06-06 11:00;Ca쓰 doba;0,856;100,00
xxx;PPE:xxx;energia czynna oddana;2022-06-06 12:00;Ca쓰 doba;0,660;100,00
xxx;PPE:xxx;energia czynna oddana;2022-06-06 13:00;Ca쓰 doba;0,566;100,00
xxx;PPE:xxx;energia czynna oddana;2022-06-06 14:00;Ca쓰 doba;0,494;100,00
xxx;PPE:xxx;energia czynna oddana;2022-06-06 15:00;Ca쓰 doba;0,456;100,00
xxx;PPE:xxx;energia czynna oddana;2022-06-06 16:00;Ca쓰 doba;0,493;100,00
xxx;PPE:xxx;energia czynna oddana;2022-06-06 17:00;Ca쓰 doba;0,971;100,00
xxx;PPE:xxx;energia czynna oddana;2022-06-06 18:00;Ca쓰 doba;0,515;100,00
xxx;PPE:xxx;energia czynna oddana;2022-06-06 19:00;Ca쓰 doba;0,110;100,00
xxx;PPE:xxx;energia czynna oddana;2022-06-06 20:00;Ca쓰 doba;0,013;100,00
xxx;PPE:xxx;energia czynna oddana;2022-06-06 21:00;Ca쓰 doba;0,000;100,00
xxx;PPE:xxx;energia czynna oddana;2022-06-06 22:00;Ca쓰 doba;0,000;100,00
xxx;PPE:xxx;energia czynna oddana;2022-06-06 23:00;Ca쓰 doba;0,000;100,00
xxx;PPE:xxx;energia czynna oddana;2022-06-07 00:00;Ca쓰 doba;0,000;100,00
xxx;PPE:xxx;energia czynna oddana;2022-06-07 01:00;Ca쓰 doba;0,000;100,00
xxx;PPE:xxx;energia czynna oddana;2022-06-07 02:00;Ca쓰 doba;0,000;100,00
xxx;PPE:xxx;energia czynna oddana;2022-06-07 03:00;Ca쓰 doba;0,000;100,00
xxx;PPE:xxx;energia czynna oddana;2022-06-07 04:00;Ca쓰 doba;0,000;100,00
xxx;PPE:xxx;energia czynna oddana;2022-06-07 05:00;Ca쓰 doba;0,000;100,00
xxx;PPE:xxx;energia czynna oddana;2022-06-07 06:00;Ca쓰 doba;0,018;100,00
xxx;PPE:xxx;energia czynna oddana;2022-06-07 07:00;Ca쓰 doba;0,086;100,00
xxx;PPE:xxx;energia czynna oddana;2022-06-07 08:00;Ca쓰 doba;0,390;100,00
xxx;PPE:xxx;energia czynna oddana;2022-06-07 09:00;Ca쓰 doba;0,377;100,00
xxx;PPE:xxx;energia czynna oddana;2022-06-07 10:00;Ca쓰 doba;0,378;100,00
xxx;PPE:xxx;energia czynna oddana;2022-06-07 11:00;Ca쓰 doba;0,912;100,00
xxx;PPE:xxx;energia czynna oddana;2022-06-07 12:00;Ca쓰 doba;0,703;100,00
xxx;PPE:xxx;energia czynna oddana;2022-06-07 13:00;Ca쓰 doba;0,661;100,00
xxx;PPE:xxx;energia czynna oddana;2022-06-07 14:00;Ca쓰 doba;0,911;100,00
xxx;PPE:xxx;energia czynna oddana;2022-06-07 15:00;Ca쓰 doba;0,243;100,00
xxx;PPE:xxx;energia czynna oddana;2022-06-07 16:00;Ca쓰 doba;0,266;100,00
xxx;PPE:xxx;energia czynna oddana;2022-06-07 17:00;Ca쓰 doba;0,274;100,00
xxx;PPE:xxx;energia czynna oddana;2022-06-07 18:00;Ca쓰 doba;0,321;100,00
xxx;PPE:xxx;energia czynna oddana;2022-06-07 19:00;Ca쓰 doba;0,171;100,00
xxx;PPE:xxx;energia czynna oddana;2022-06-07 20:00;Ca쓰 doba;0,025;100,00
xxx;PPE:xxx;energia czynna oddana;2022-06-07 21:00;Ca쓰 doba;0,000;100,00
xxx;PPE:xxx;energia czynna oddana;2022-06-07 22:00;Ca쓰 doba;0,000;100,00
xxx;PPE:xxx;energia czynna oddana;2022-06-07 23:00;Ca쓰 doba;0,000;100,00
xxx;PPE:xxx;energia czynna oddana;2022-06-08 00:00;Ca쓰 doba;0,000;100,00
xxx;PPE:xxx;energia czynna oddana;2022-06-08 01:00;Ca쓰 doba;0,000;100,00
xxx;PPE:xxx;energia czynna oddana;2022-06-08 02:00;Ca쓰 doba;0,000;100,00
xxx;PPE:xxx;energia czynna oddana;2022-06-08 03:00;Ca쓰 doba;0,000;100,00
xxx;PPE:xxx;energia czynna oddana;2022-06-08 04:00;Ca쓰 doba;0,000;100,00
xxx;PPE:xxx;energia czynna oddana;2022-06-08 05:00;Ca쓰 doba;0,000;100,00
xxx;PPE:xxx;energia czynna oddana;2022-06-08 06:00;Ca쓰 doba;0,011;100,00
xxx;PPE:xxx;energia czynna oddana;2022-06-08 07:00;Ca쓰 doba;0,096;100,00
xxx;PPE:xxx;energia czynna oddana;2022-06-08 08:00;Ca쓰 doba;0,285;100,00
xxx;PPE:xxx;energia czynna oddana;2022-06-08 09:00;Ca쓰 doba;0,681;100,00
xxx;PPE:xxx;energia czynna oddana;2022-06-08 10:00;Ca쓰 doba;1,401;100,00
xxx;PPE:xxx;energia czynna oddana;2022-06-08 11:00;Ca쓰 doba;1,369;100,00
xxx;PPE:xxx;energia czynna oddana;2022-06-08 12:00;Ca쓰 doba;1,230;100,00
xxx;PPE:xxx;energia czynna oddana;2022-06-08 13:00;Ca쓰 doba;1,910;100,00
xxx;PPE:xxx;energia czynna oddana;2022-06-08 14:00;Ca쓰 doba;1,380;100,00
xxx;PPE:xxx;energia czynna oddana;2022-06-08 15:00;Ca쓰 doba;1,419;100,00
xxx;PPE:xxx;energia czynna oddana;2022-06-08 16:00;Ca쓰 doba;1,818;100,00
xxx;PPE:xxx;energia czynna oddana;2022-06-08 17:00;Ca쓰 doba;1,181;100,00
xxx;PPE:xxx;energia czynna oddana;2022-06-08 18:00;Ca쓰 doba;0,483;100,00
xxx;PPE:xxx;energia czynna oddana;2022-06-08 19:00;Ca쓰 doba;0,299;100,00
xxx;PPE:xxx;energia czynna oddana;2022-06-08 20:00;Ca쓰 doba;0,116;100,00
xxx;PPE:xxx;energia czynna oddana;2022-06-08 21:00;Ca쓰 doba;0,010;100,00
xxx;PPE:xxx;energia czynna oddana;2022-06-08 22:00;Ca쓰 doba;0,000;100,00
xxx;PPE:xxx;energia czynna oddana;2022-06-08 23:00;Ca쓰 doba;0,000;100,00
xxx;PPE:xxx;energia czynna oddana;2022-06-09 00:00;Ca쓰 doba;0,000;100,00
xxx;PPE:xxx;energia czynna oddana;2022-06-09 01:00;Ca쓰 doba;0,000;100,00
xxx;PPE:xxx;energia czynna oddana;2022-06-09 02:00;Ca쓰 doba;0,000;100,00
xxx;PPE:xxx;energia czynna oddana;2022-06-09 03:00;Ca쓰 doba;0,000;100,00
xxx;PPE:xxx;energia czynna oddana;2022-06-09 04:00;Ca쓰 doba;0,000;100,00
xxx;PPE:xxx;energia czynna oddana;2022-06-09 05:00;Ca쓰 doba;0,000;100,00
xxx;PPE:xxx;energia czynna oddana;2022-06-09 06:00;Ca쓰 doba;0,000;100,00
xxx;PPE:xxx;energia czynna oddana;2022-06-09 07:00;Ca쓰 doba;0,082;100,00
xxx;PPE:xxx;energia czynna oddana;2022-06-09 08:00;Ca쓰 doba;0,139;100,00
xxx;PPE:xxx;energia czynna oddana;2022-06-09 09:00;Ca쓰 doba;0,338;100,00
xxx;PPE:xxx;energia czynna oddana;2022-06-09 10:00;Ca쓰 doba;1,071;100,00
xxx;PPE:xxx;energia czynna oddana;2022-06-09 11:00;Ca쓰 doba;1,035;100,00
xxx;PPE:xxx;energia czynna oddana;2022-06-09 12:00;Ca쓰 doba;1,003;100,00
xxx;PPE:xxx;energia czynna oddana;2022-06-09 13:00;Ca쓰 doba;1,570;100,00
xxx;PPE:xxx;energia czynna oddana;2022-06-09 14:00;Ca쓰 doba;1,049;100,00
xxx;PPE:xxx;energia czynna oddana;2022-06-09 15:00;Ca쓰 doba;0,200;100,00
xxx;PPE:xxx;energia czynna oddana;2022-06-09 16:00;Ca쓰 doba;1,464;100,00
xxx;PPE:xxx;energia czynna oddana;2022-06-09 17:00;Ca쓰 doba;0,460;100,00
xxx;PPE:xxx;energia czynna oddana;2022-06-09 18:00;Ca쓰 doba;0,234;100,00
xxx;PPE:xxx;energia czynna oddana;2022-06-09 19:00;Ca쓰 doba;0,097;100,00
xxx;PPE:xxx;energia czynna oddana;2022-06-09 20:00;Ca쓰 doba;0,000;100,00
xxx;PPE:xxx;energia czynna oddana;2022-06-09 21:00;Ca쓰 doba;0,000;100,00
xxx;PPE:xxx;energia czynna oddana;2022-06-09 22:00;Ca쓰 doba;0,000;100,00
xxx;PPE:xxx;energia czynna oddana;2022-06-09 23:00;Ca쓰 doba;0,000;100,00
xxx;PPE:xxx;energia czynna oddana;2022-06-10 00:00;Ca쓰 doba;0,000;100,00
xxx;PPE:xxx;energia czynna oddana;2022-06-10 01:00;Ca쓰 doba;0,000;100,00
xxx;PPE:xxx;energia czynna oddana;2022-06-10 02:00;Ca쓰 doba;0,000;100,00
xxx;PPE:xxx;energia czynna oddana;2022-06-10 03:00;Ca쓰 doba;0,000;100,00
xxx;PPE:xxx;energia czynna oddana;2022-06-10 04:00;Ca쓰 doba;0,000;100,00
xxx;PPE:xxx;energia czynna oddana;2022-06-10 05:00;Ca쓰 doba;0,000;100,00
xxx;PPE:xxx;energia czynna oddana;2022-06-10 06:00;Ca쓰 doba;0,024;100,00
xxx;PPE:xxx;energia czynna oddana;2022-06-10 07:00;Ca쓰 doba;0,126;100,00
xxx;PPE:xxx;energia czynna oddana;2022-06-10 08:00;Ca쓰 doba;0,526;100,00
xxx;PPE:xxx;energia czynna oddana;2022-06-10 09:00;Ca쓰 doba;0,866;100,00
xxx;PPE:xxx;energia czynna oddana;2022-06-10 10:00;Ca쓰 doba;1,487;100,00
xxx;PPE:xxx;energia czynna oddana;2022-06-10 11:00;Ca쓰 doba;1,579;100,00
xxx;PPE:xxx;energia czynna oddana;2022-06-10 12:00;Ca쓰 doba;2,127;100,00
xxx;PPE:xxx;energia czynna oddana;2022-06-10 13:00;Ca쓰 doba;2,281;100,00
xxx;PPE:xxx;energia czynna oddana;2022-06-10 14:00;Ca쓰 doba;2,272;100,00
xxx;PPE:xxx;energia czynna oddana;2022-06-10 15:00;Ca쓰 doba;1,756;100,00
xxx;PPE:xxx;energia czynna oddana;2022-06-10 16:00;Ca쓰 doba;1,673;100,00
xxx;PPE:xxx;energia czynna oddana;2022-06-10 17:00;Ca쓰 doba;1,207;100,00
xxx;PPE:xxx;energia czynna oddana;2022-06-10 18:00;Ca쓰 doba;0,532;100,00
xxx;PPE:xxx;energia czynna oddana;2022-06-10 19:00;Ca쓰 doba;0,050;100,00
xxx;PPE:xxx;energia czynna oddana;2022-06-10 20:00;Ca쓰 doba;0,000;100,00
xxx;PPE:xxx;energia czynna oddana;2022-06-10 21:00;Ca쓰 doba;0,000;100,00
xxx;PPE:xxx;energia czynna oddana;2022-06-10 22:00;Ca쓰 doba;0,000;100,00
xxx;PPE:xxx;energia czynna oddana;2022-06-10 23:00;Ca쓰 doba;0,000;100,00
xxx;PPE:xxx;energia czynna oddana;2022-06-11 00:00;Ca쓰 doba;0,000;100,00
xxx;PPE:xxx;energia czynna oddana;2022-06-11 01:00;Ca쓰 doba;0,000;100,00
xxx;PPE:xxx;energia czynna oddana;2022-06-11 02:00;Ca쓰 doba;0,000;100,00
xxx;PPE:xxx;energia czynna oddana;2022-06-11 03:00;Ca쓰 doba;0,000;100,00
xxx;PPE:xxx;energia czynna oddana;2022-06-11 04:00;Ca쓰 doba;0,000;100,00
xxx;PPE:xxx;energia czynna oddana;2022-06-11 05:00;Ca쓰 doba;0,000;100,00
xxx;PPE:xxx;energia czynna oddana;2022-06-11 06:00;Ca쓰 doba;0,022;100,00
xxx;PPE:xxx;energia czynna oddana;2022-06-11 07:00;Ca쓰 doba;0,085;100,00
xxx;PPE:xxx;energia czynna oddana;2022-06-11 08:00;Ca쓰 doba;0,292;100,00
xxx;PPE:xxx;energia czynna oddana;2022-06-11 09:00;Ca쓰 doba;0,596;100,00
xxx;PPE:xxx;energia czynna oddana;2022-06-11 10:00;Ca쓰 doba;1,336;100,00
xxx;PPE:xxx;energia czynna oddana;2022-06-11 11:00;Ca쓰 doba;1,609;100,00
xxx;PPE:xxx;energia czynna oddana;2022-06-11 12:00;Ca쓰 doba;1,644;100,00
xxx;PPE:xxx;energia czynna oddana;2022-06-11 13:00;Ca쓰 doba;2,229;100,00
xxx;PPE:xxx;energia czynna oddana;2022-06-11 14:00;Ca쓰 doba;1,555;100,00
xxx;PPE:xxx;energia czynna oddana;2022-06-11 15:00;Ca쓰 doba;1,815;100,00
xxx;PPE:xxx;energia czynna oddana;2022-06-11 16:00;Ca쓰 doba;1,620;100,00
xxx;PPE:xxx;energia czynna oddana;2022-06-11 17:00;Ca쓰 doba;0,761;100,00
xxx;PPE:xxx;energia czynna oddana;2022-06-11 18:00;Ca쓰 doba;0,524;100,00
xxx;PPE:xxx;energia czynna oddana;2022-06-11 19:00;Ca쓰 doba;0,172;100,00
xxx;PPE:xxx;energia czynna oddana;2022-06-11 20:00;Ca쓰 doba;0,030;100,00
xxx;PPE:xxx;energia czynna oddana;2022-06-11 21:00;Ca쓰 doba;0,000;100,00
xxx;PPE:xxx;energia czynna oddana;2022-06-11 22:00;Ca쓰 doba;0,000;100,00
xxx;PPE:xxx;energia czynna oddana;2022-06-11 23:00;Ca쓰 doba;0,000;100,00
xxx;PPE:xxx;energia czynna oddana;2022-06-12 00:00;Ca쓰 doba;0,000;100,00
xxx;PPE:xxx;energia czynna oddana;2022-06-12 01:00;Ca쓰 doba;0,000;100,00
xxx;PPE:xxx;energia czynna oddana;2022-06-12 02:00;Ca쓰 doba;0,000;100,00
xxx;PPE:xxx;energia czynna oddana;2022-06-12 03:00;Ca쓰 doba;0,000;100,00
xxx;PPE:xxx;energia czynna oddana;2022-06-12 04:00;Ca쓰 doba;0,000;100,00
xxx;PPE:xxx;energia czynna oddana;2022-06-12 05:00;Ca쓰 doba;0,000;100,00
xxx;PPE:xxx;energia czynna oddana;2022-06-12 06:00;Ca쓰 doba;0,033;100,00
xxx;PPE:xxx;energia czynna oddana;2022-06-12 07:00;Ca쓰 doba;0,148;100,00
xxx;PPE:xxx;energia czynna oddana;2022-06-12 08:00;Ca쓰 doba;0,390;100,00
xxx;PPE:xxx;energia czynna oddana;2022-06-12 09:00;Ca쓰 doba;0,677;100,00
xxx;PPE:xxx;energia czynna oddana;2022-06-12 10:00;Ca쓰 doba;1,290;100,00
xxx;PPE:xxx;energia czynna oddana;2022-06-12 11:00;Ca쓰 doba;1,781;100,00
xxx;PPE:xxx;energia czynna oddana;2022-06-12 12:00;Ca쓰 doba;1,302;100,00
xxx;PPE:xxx;energia czynna oddana;2022-06-12 13:00;Ca쓰 doba;1,493;100,00
xxx;PPE:xxx;energia czynna oddana;2022-06-12 14:00;Ca쓰 doba;1,670;100,00
xxx;PPE:xxx;energia czynna oddana;2022-06-12 15:00;Ca쓰 doba;1,937;100,00
xxx;PPE:xxx;energia czynna oddana;2022-06-12 16:00;Ca쓰 doba;1,830;100,00
xxx;PPE:xxx;energia czynna oddana;2022-06-12 17:00;Ca쓰 doba;1,164;100,00
xxx;PPE:xxx;energia czynna oddana;2022-06-12 18:00;Ca쓰 doba;0,240;100,00
xxx;PPE:xxx;energia czynna oddana;2022-06-12 19:00;Ca쓰 doba;0,263;100,00
xxx;PPE:xxx;energia czynna oddana;2022-06-12 20:00;Ca쓰 doba;0,080;100,00
xxx;PPE:xxx;energia czynna oddana;2022-06-12 21:00;Ca쓰 doba;0,010;100,00
xxx;PPE:xxx;energia czynna oddana;2022-06-12 22:00;Ca쓰 doba;0,000;100,00
xxx;PPE:xxx;energia czynna oddana;2022-06-12 23:00;Ca쓰 doba;0,000;100,00
xxx;PPE:xxx;energia czynna oddana;2022-06-13 00:00;Ca쓰 doba;0,000;100,00
xxx;PPE:xxx;energia czynna oddana;2022-06-13 01:00;Ca쓰 doba;0,000;100,00
xxx;PPE:xxx;energia czynna oddana;2022-06-13 02:00;Ca쓰 doba;0,000;100,00
xxx;PPE:xxx;energia czynna oddana;2022-06-13 03:00;Ca쓰 doba;0,000;100,00
xxx;PPE:xxx;energia czynna oddana;2022-06-13 04:00;Ca쓰 doba;0,000;100,00
xxx;PPE:xxx;energia czynna oddana;2022-06-13 05:00;Ca쓰 doba;0,000;100,00
xxx;PPE:xxx;energia czynna oddana;2022-06-13 06:00;Ca쓰 doba;0,000;100,00
xxx;PPE:xxx;energia czynna oddana;2022-06-13 07:00;Ca쓰 doba;0,097;100,00
xxx;PPE:xxx;energia czynna oddana;2022-06-13 08:00;Ca쓰 doba;0,147;100,00
xxx;PPE:xxx;energia czynna oddana;2022-06-13 09:00;Ca쓰 doba;0,180;100,00
xxx;PPE:xxx;energia czynna oddana;2022-06-13 10:00;Ca쓰 doba;0,405;100,00
xxx;PPE:xxx;energia czynna oddana;2022-06-13 11:00;Ca쓰 doba;0,276;100,00
xxx;PPE:xxx;energia czynna oddana;2022-06-13 12:00;Ca쓰 doba;0,125;100,00
xxx;PPE:xxx;energia czynna oddana;2022-06-13 13:00;Ca쓰 doba;0,360;100,00
xxx;PPE:xxx;energia czynna oddana;2022-06-13 14:00;Ca쓰 doba;0,639;100,00
xxx;PPE:xxx;energia czynna oddana;2022-06-13 15:00;Ca쓰 doba;0,717;100,00
xxx;PPE:xxx;energia czynna oddana;2022-06-13 16:00;Ca쓰 doba;1,361;100,00
xxx;PPE:xxx;energia czynna oddana;2022-06-13 17:00;Ca쓰 doba;1,144;100,00
xxx;PPE:xxx;energia czynna oddana;2022-06-13 18:00;Ca쓰 doba;0,269;100,00
xxx;PPE:xxx;energia czynna oddana;2022-06-13 19:00;Ca쓰 doba;0,221;100,00
xxx;PPE:xxx;energia czynna oddana;2022-06-13 20:00;Ca쓰 doba;0,016;100,00
xxx;PPE:xxx;energia czynna oddana;2022-06-13 21:00;Ca쓰 doba;0,000;100,00
xxx;PPE:xxx;energia czynna oddana;2022-06-13 22:00;Ca쓰 doba;0,000;100,00
xxx;PPE:xxx;energia czynna oddana;2022-06-13 23:00;Ca쓰 doba;0,000;100,00
xxx;PPE:xxx;energia czynna oddana;2022-06-14 00:00;Ca쓰 doba;0,000;100,00
xxx;PPE:xxx;energia czynna oddana;2022-06-14 01:00;Ca쓰 doba;0,000;100,00
xxx;PPE:xxx;energia czynna oddana;2022-06-14 02:00;Ca쓰 doba;0,000;100,00
xxx;PPE:xxx;energia czynna oddana;2022-06-14 03:00;Ca쓰 doba;0,000;100,00
xxx;PPE:xxx;energia czynna oddana;2022-06-14 04:00;Ca쓰 doba;0,000;100,00
xxx;PPE:xxx;energia czynna oddana;2022-06-14 05:00;Ca쓰 doba;0,000;100,00
xxx;PPE:xxx;energia czynna oddana;2022-06-14 06:00;Ca쓰 doba;0,038;100,00
xxx;PPE:xxx;energia czynna oddana;2022-06-14 07:00;Ca쓰 doba;0,171;100,00
xxx;PPE:xxx;energia czynna oddana;2022-06-14 08:00;Ca쓰 doba;0,382;100,00
xxx;PPE:xxx;energia czynna oddana;2022-06-14 09:00;Ca쓰 doba;0,628;100,00
xxx;PPE:xxx;energia czynna oddana;2022-06-14 10:00;Ca쓰 doba;0,817;100,00
xxx;PPE:xxx;energia czynna oddana;2022-06-14 11:00;Ca쓰 doba;1,363;100,00
xxx;PPE:xxx;energia czynna oddana;2022-06-14 12:00;Ca쓰 doba;1,600;100,00
xxx;PPE:xxx;energia czynna oddana;2022-06-14 13:00;Ca쓰 doba;1,580;100,00
xxx;PPE:xxx;energia czynna oddana;2022-06-14 14:00;Ca쓰 doba;1,420;100,00
xxx;PPE:xxx;energia czynna oddana;2022-06-14 15:00;Ca쓰 doba;0,819;100,00
xxx;PPE:xxx;energia czynna oddana;2022-06-14 16:00;Ca쓰 doba;1,128;100,00
xxx;PPE:xxx;energia czynna oddana;2022-06-14 17:00;Ca쓰 doba;0,987;100,00
xxx;PPE:xxx;energia czynna oddana;2022-06-14 18:00;Ca쓰 doba;0,634;100,00
xxx;PPE:xxx;energia czynna oddana;2022-06-14 19:00;Ca쓰 doba;0,138;100,00
xxx;PPE:xxx;energia czynna oddana;2022-06-14 20:00;Ca쓰 doba;0,012;100,00
xxx;PPE:xxx;energia czynna oddana;2022-06-14 21:00;Ca쓰 doba;0,000;100,00
xxx;PPE:xxx;energia czynna oddana;2022-06-14 22:00;Ca쓰 doba;0,000;100,00
xxx;PPE:xxx;energia czynna oddana;2022-06-14 23:00;Ca쓰 doba;0,000;100,00
xxx;PPE:xxx;energia czynna oddana;2022-06-15 00:00;Ca쓰 doba;0,000;100,00
xxx;PPE:xxx;energia czynna oddana;2022-06-15 01:00;Ca쓰 doba;0,000;100,00
xxx;PPE:xxx;energia czynna oddana;2022-06-15 02:00;Ca쓰 doba;0,000;100,00
xxx;PPE:xxx;energia czynna oddana;2022-06-15 03:00;Ca쓰 doba;0,000;100,00
xxx;PPE:xxx;energia czynna oddana;2022-06-15 04:00;Ca쓰 doba;0,000;100,00
xxx;PPE:xxx;energia czynna oddana;2022-06-15 05:00;Ca쓰 doba;0,000;100,00
xxx;PPE:xxx;energia czynna oddana;2022-06-15 06:00;Ca쓰 doba;0,022;100,00
xxx;PPE:xxx;energia czynna oddana;2022-06-15 07:00;Ca쓰 doba;0,081;100,00
xxx;PPE:xxx;energia czynna oddana;2022-06-15 08:00;Ca쓰 doba;0,284;100,00
xxx;PPE:xxx;energia czynna oddana;2022-06-15 09:00;Ca쓰 doba;0,653;100,00
xxx;PPE:xxx;energia czynna oddana;2022-06-15 10:00;Ca쓰 doba;1,433;100,00
xxx;PPE:xxx;energia czynna oddana;2022-06-15 11:00;Ca쓰 doba;1,851;100,00
xxx;PPE:xxx;energia czynna oddana;2022-06-15 12:00;Ca쓰 doba;2,150;100,00
xxx;PPE:xxx;energia czynna oddana;2022-06-15 13:00;Ca쓰 doba;2,390;100,00
xxx;PPE:xxx;energia czynna oddana;2022-06-15 14:00;Ca쓰 doba;2,355;100,00
xxx;PPE:xxx;energia czynna oddana;2022-06-15 15:00;Ca쓰 doba;2,204;100,00
xxx;PPE:xxx;energia czynna oddana;2022-06-15 16:00;Ca쓰 doba;1,888;100,00
xxx;PPE:xxx;energia czynna oddana;2022-06-15 17:00;Ca쓰 doba;1,507;100,00
xxx;PPE:xxx;energia czynna oddana;2022-06-15 18:00;Ca쓰 doba;0,564;100,00
xxx;PPE:xxx;energia czynna oddana;2022-06-15 19:00;Ca쓰 doba;0,066;100,00
xxx;PPE:xxx;energia czynna oddana;2022-06-15 20:00;Ca쓰 doba;0,001;100,00
xxx;PPE:xxx;energia czynna oddana;2022-06-15 21:00;Ca쓰 doba;0,000;100,00
xxx;PPE:xxx;energia czynna oddana;2022-06-15 22:00;Ca쓰 doba;0,000;100,00
xxx;PPE:xxx;energia czynna oddana;2022-06-15 23:00;Ca쓰 doba;0,000;100,00
xxx;PPE:xxx;energia czynna oddana;2022-06-16 00:00;Ca쓰 doba;0,000;100,00
xxx;PPE:xxx;energia czynna oddana;2022-06-16 01:00;Ca쓰 doba;0,000;100,00
xxx;PPE:xxx;energia czynna oddana;2022-06-16 02:00;Ca쓰 doba;0,000;100,00
xxx;PPE:xxx;energia czynna oddana;2022-06-16 03:00;Ca쓰 doba;0,000;100,00
xxx;PPE:xxx;energia czynna oddana;2022-06-16 04:00;Ca쓰 doba;0,000;100,00
xxx;PPE:xxx;energia czynna oddana;2022-06-16 05:00;Ca쓰 doba;0,000;100,00
xxx;PPE:xxx;energia czynna oddana;2022-06-16 06:00;Ca쓰 doba;0,035;100,00
xxx;PPE:xxx;energia czynna oddana;2022-06-16 07:00;Ca쓰 doba;0,147;100,00
xxx;PPE:xxx;energia czynna oddana;2022-06-16 08:00;Ca쓰 doba;0,344;100,00
xxx;PPE:xxx;energia czynna oddana;2022-06-16 09:00;Ca쓰 doba;0,467;100,00
xxx;PPE:xxx;energia czynna oddana;2022-06-16 10:00;Ca쓰 doba;1,077;100,00
xxx;PPE:xxx;energia czynna oddana;2022-06-16 11:00;Ca쓰 doba;1,660;100,00
xxx;PPE:xxx;energia czynna oddana;2022-06-16 12:00;Ca쓰 doba;1,681;100,00
xxx;PPE:xxx;energia czynna oddana;2022-06-16 13:00;Ca쓰 doba;1,607;100,00
xxx;PPE:xxx;energia czynna oddana;2022-06-16 14:00;Ca쓰 doba;0,096;100,00
xxx;PPE:xxx;energia czynna oddana;2022-06-16 15:00;Ca쓰 doba;1,079;100,00
xxx;PPE:xxx;energia czynna oddana;2022-06-16 16:00;Ca쓰 doba;0,827;100,00
xxx;PPE:xxx;energia czynna oddana;2022-06-16 17:00;Ca쓰 doba;0,182;100,00
xxx;PPE:xxx;energia czynna oddana;2022-06-16 18:00;Ca쓰 doba;0,416;100,00
xxx;PPE:xxx;energia czynna oddana;2022-06-16 19:00;Ca쓰 doba;0,082;100,00
xxx;PPE:xxx;energia czynna oddana;2022-06-16 20:00;Ca쓰 doba;0,015;100,00
xxx;PPE:xxx;energia czynna oddana;2022-06-16 21:00;Ca쓰 doba;0,000;100,00
xxx;PPE:xxx;energia czynna oddana;2022-06-16 22:00;Ca쓰 doba;0,000;100,00
xxx;PPE:xxx;energia czynna oddana;2022-06-16 23:00;Ca쓰 doba;0,000;100,00
xxx;PPE:xxx;energia czynna oddana;2022-06-17 00:00;Ca쓰 doba;0,000;100,00
xxx;PPE:xxx;energia czynna oddana;2022-06-17 01:00;Ca쓰 doba;0,000;100,00
xxx;PPE:xxx;energia czynna oddana;2022-06-17 02:00;Ca쓰 doba;0,000;100,00
xxx;PPE:xxx;energia czynna oddana;2022-06-17 03:00;Ca쓰 doba;0,000;100,00
xxx;PPE:xxx;energia czynna oddana;2022-06-17 04:00;Ca쓰 doba;0,000;100,00
xxx;PPE:xxx;energia czynna oddana;2022-06-17 05:00;Ca쓰 doba;0,000;100,00
xxx;PPE:xxx;energia czynna oddana;2022-06-17 06:00;Ca쓰 doba;0,034;100,00
xxx;PPE:xxx;energia czynna oddana;2022-06-17 07:00;Ca쓰 doba;0,077;100,00
xxx;PPE:xxx;energia czynna oddana;2022-06-17 08:00;Ca쓰 doba;0,331;100,00
xxx;PPE:xxx;energia czynna oddana;2022-06-17 09:00;Ca쓰 doba;0,611;100,00
xxx;PPE:xxx;energia czynna oddana;2022-06-17 10:00;Ca쓰 doba;0,998;100,00
xxx;PPE:xxx;energia czynna oddana;2022-06-17 11:00;Ca쓰 doba;1,599;100,00
xxx;PPE:xxx;energia czynna oddana;2022-06-17 12:00;Ca쓰 doba;1,792;100,00
xxx;PPE:xxx;energia czynna oddana;2022-06-17 13:00;Ca쓰 doba;1,909;100,00
xxx;PPE:xxx;energia czynna oddana;2022-06-17 14:00;Ca쓰 doba;1,855;100,00
xxx;PPE:xxx;energia czynna oddana;2022-06-17 15:00;Ca쓰 doba;1,386;100,00
xxx;PPE:xxx;energia czynna oddana;2022-06-17 16:00;Ca쓰 doba;0,885;100,00
xxx;PPE:xxx;energia czynna oddana;2022-06-17 17:00;Ca쓰 doba;0,920;100,00
xxx;PPE:xxx;energia czynna oddana;2022-06-17 18:00;Ca쓰 doba;0,640;100,00
xxx;PPE:xxx;energia czynna oddana;2022-06-17 19:00;Ca쓰 doba;0,233;100,00
xxx;PPE:xxx;energia czynna oddana;2022-06-17 20:00;Ca쓰 doba;0,162;100,00
xxx;PPE:xxx;energia czynna oddana;2022-06-17 21:00;Ca쓰 doba;0,025;100,00
xxx;PPE:xxx;energia czynna oddana;2022-06-17 22:00;Ca쓰 doba;0,000;100,00
xxx;PPE:xxx;energia czynna oddana;2022-06-17 23:00;Ca쓰 doba;0,000;100,00
xxx;PPE:xxx;energia czynna oddana;2022-06-18 00:00;Ca쓰 doba;0,000;100,00
xxx;PPE:xxx;energia czynna oddana;2022-06-18 01:00;Ca쓰 doba;0,000;100,00
xxx;PPE:xxx;energia czynna oddana;2022-06-18 02:00;Ca쓰 doba;0,000;100,00
xxx;PPE:xxx;energia czynna oddana;2022-06-18 03:00;Ca쓰 doba;0,000;100,00
xxx;PPE:xxx;energia czynna oddana;2022-06-18 04:00;Ca쓰 doba;0,000;100,00
xxx;PPE:xxx;energia czynna oddana;2022-06-18 05:00;Ca쓰 doba;0,000;100,00
xxx;PPE:xxx;energia czynna oddana;2022-06-18 06:00;Ca쓰 doba;0,032;100,00
xxx;PPE:xxx;energia czynna oddana;2022-06-18 07:00;Ca쓰 doba;0,149;100,00
xxx;PPE:xxx;energia czynna oddana;2022-06-18 08:00;Ca쓰 doba;0,352;100,00
xxx;PPE:xxx;energia czynna oddana;2022-06-18 09:00;Ca쓰 doba;0,783;100,00
xxx;PPE:xxx;energia czynna oddana;2022-06-18 10:00;Ca쓰 doba;1,252;100,00
xxx;PPE:xxx;energia czynna oddana;2022-06-18 11:00;Ca쓰 doba;1,794;100,00
xxx;PPE:xxx;energia czynna oddana;2022-06-18 12:00;Ca쓰 doba;2,221;100,00
xxx;PPE:xxx;energia czynna oddana;2022-06-18 13:00;Ca쓰 doba;2,382;100,00
xxx;PPE:xxx;energia czynna oddana;2022-06-18 14:00;Ca쓰 doba;2,420;100,00
xxx;PPE:xxx;energia czynna oddana;2022-06-18 15:00;Ca쓰 doba;2,276;100,00
xxx;PPE:xxx;energia czynna oddana;2022-06-18 16:00;Ca쓰 doba;1,973;100,00
xxx;PPE:xxx;energia czynna oddana;2022-06-18 17:00;Ca쓰 doba;1,488;100,00
xxx;PPE:xxx;energia czynna oddana;2022-06-18 18:00;Ca쓰 doba;0,632;100,00
xxx;PPE:xxx;energia czynna oddana;2022-06-18 19:00;Ca쓰 doba;0,163;100,00
xxx;PPE:xxx;energia czynna oddana;2022-06-18 20:00;Ca쓰 doba;0,089;100,00
xxx;PPE:xxx;energia czynna oddana;2022-06-18 21:00;Ca쓰 doba;0,019;100,00
xxx;PPE:xxx;energia czynna oddana;2022-06-18 22:00;Ca쓰 doba;0,000;100,00
xxx;PPE:xxx;energia czynna oddana;2022-06-18 23:00;Ca쓰 doba;0,000;100,00
xxx;PPE:xxx;energia czynna oddana;2022-06-19 00:00;Ca쓰 doba;0,000;100,00
xxx;PPE:xxx;energia czynna oddana;2022-06-19 01:00;Ca쓰 doba;0,000;100,00
xxx;PPE:xxx;energia czynna oddana;2022-06-19 02:00;Ca쓰 doba;0,000;100,00
xxx;PPE:xxx;energia czynna oddana;2022-06-19 03:00;Ca쓰 doba;0,000;100,00
xxx;PPE:xxx;energia czynna oddana;2022-06-19 04:00;Ca쓰 doba;0,000;100,00
xxx;PPE:xxx;energia czynna oddana;2022-06-19 05:00;Ca쓰 doba;0,000;100,00
xxx;PPE:xxx;energia czynna oddana;2022-06-19 06:00;Ca쓰 doba;0,029;100,00
xxx;PPE:xxx;energia czynna oddana;2022-06-19 07:00;Ca쓰 doba;0,147;100,00
xxx;PPE:xxx;energia czynna oddana;2022-06-19 08:00;Ca쓰 doba;0,344;100,00
xxx;PPE:xxx;energia czynna oddana;2022-06-19 09:00;Ca쓰 doba;0,506;100,00
xxx;PPE:xxx;energia czynna oddana;2022-06-19 10:00;Ca쓰 doba;1,110;100,00
xxx;PPE:xxx;energia czynna oddana;2022-06-19 11:00;Ca쓰 doba;1,762;100,00
xxx;PPE:xxx;energia czynna oddana;2022-06-19 12:00;Ca쓰 doba;2,119;100,00
xxx;PPE:xxx;energia czynna oddana;2022-06-19 13:00;Ca쓰 doba;2,351;100,00
xxx;PPE:xxx;energia czynna oddana;2022-06-19 14:00;Ca쓰 doba;2,393;100,00
xxx;PPE:xxx;energia czynna oddana;2022-06-19 15:00;Ca쓰 doba;2,245;100,00
xxx;PPE:xxx;energia czynna oddana;2022-06-19 16:00;Ca쓰 doba;1,964;100,00
xxx;PPE:xxx;energia czynna oddana;2022-06-19 17:00;Ca쓰 doba;1,496;100,00
xxx;PPE:xxx;energia czynna oddana;2022-06-19 18:00;Ca쓰 doba;0,638;100,00
xxx;PPE:xxx;energia czynna oddana;2022-06-19 19:00;Ca쓰 doba;0,146;100,00
xxx;PPE:xxx;energia czynna oddana;2022-06-19 20:00;Ca쓰 doba;0,079;100,00
xxx;PPE:xxx;energia czynna oddana;2022-06-19 21:00;Ca쓰 doba;0,014;100,00
xxx;PPE:xxx;energia czynna oddana;2022-06-19 22:00;Ca쓰 doba;0,000;100,00
xxx;PPE:xxx;energia czynna oddana;2022-06-19 23:00;Ca쓰 doba;0,000;100,00
xxx;PPE:xxx;energia czynna oddana;2022-06-20 00:00;Ca쓰 doba;0,000;100,00
xxx;PPE:xxx;energia czynna oddana;2022-06-20 01:00;Ca쓰 doba;0,000;100,00
xxx;PPE:xxx;energia czynna oddana;2022-06-20 02:00;Ca쓰 doba;0,000;100,00
xxx;PPE:xxx;energia czynna oddana;2022-06-20 03:00;Ca쓰 doba;0,000;100,00
xxx;PPE:xxx;energia czynna oddana;2022-06-20 04:00;Ca쓰 doba;0,000;100,00
xxx;PPE:xxx;energia czynna oddana;2022-06-20 05:00;Ca쓰 doba;0,000;100,00
xxx;PPE:xxx;energia czynna oddana;2022-06-20 06:00;Ca쓰 doba;0,025;100,00
xxx;PPE:xxx;energia czynna oddana;2022-06-20 07:00;Ca쓰 doba;0,132;100,00
xxx;PPE:xxx;energia czynna oddana;2022-06-20 08:00;Ca쓰 doba;0,330;100,00
xxx;PPE:xxx;energia czynna oddana;2022-06-20 09:00;Ca쓰 doba;0,657;100,00
xxx;PPE:xxx;energia czynna oddana;2022-06-20 10:00;Ca쓰 doba;1,313;100,00
xxx;PPE:xxx;energia czynna oddana;2022-06-20 11:00;Ca쓰 doba;0,143;100,00
xxx;PPE:xxx;energia czynna oddana;2022-06-20 12:00;Ca쓰 doba;0,461;100,00
xxx;PPE:xxx;energia czynna oddana;2022-06-20 13:00;Ca쓰 doba;0,111;100,00
xxx;PPE:xxx;energia czynna oddana;2022-06-20 14:00;Ca쓰 doba;0,170;100,00
xxx;PPE:xxx;energia czynna oddana;2022-06-20 15:00;Ca쓰 doba;0,377;100,00
xxx;PPE:xxx;energia czynna oddana;2022-06-20 16:00;Ca쓰 doba;0,166;100,00
xxx;PPE:xxx;energia czynna oddana;2022-06-20 17:00;Ca쓰 doba;0,193;100,00
xxx;PPE:xxx;energia czynna oddana;2022-06-20 18:00;Ca쓰 doba;0,038;100,00
xxx;PPE:xxx;energia czynna oddana;2022-06-20 19:00;Ca쓰 doba;0,000;100,00
xxx;PPE:xxx;energia czynna oddana;2022-06-20 20:00;Ca쓰 doba;0,032;100,00
xxx;PPE:xxx;energia czynna oddana;2022-06-20 21:00;Ca쓰 doba;0,007;100,00
xxx;PPE:xxx;energia czynna oddana;2022-06-20 22:00;Ca쓰 doba;0,000;100,00
xxx;PPE:xxx;energia czynna oddana;2022-06-20 23:00;Ca쓰 doba;0,000;100,00
xxx;PPE:xxx;energia czynna oddana;2022-06-21 00:00;Ca쓰 doba;0,000;100,00
xxx;PPE:xxx;energia czynna oddana;2022-06-21 01:00;Ca쓰 doba;0,000;100,00
xxx;PPE:xxx;energia czynna oddana;2022-06-21 02:00;Ca쓰 doba;0,000;100,00
xxx;PPE:xxx;energia czynna oddana;2022-06-21 03:00;Ca쓰 doba;0,000;100,00
xxx;PPE:xxx;energia czynna oddana;2022-06-21 04:00;Ca쓰 doba;0,000;100,00
xxx;PPE:xxx;energia czynna oddana;2022-06-21 05:00;Ca쓰 doba;0,000;100,00
xxx;PPE:xxx;energia czynna oddana;2022-06-21 06:00;Ca쓰 doba;0,026;100,00
xxx;PPE:xxx;energia czynna oddana;2022-06-21 07:00;Ca쓰 doba;0,115;100,00
xxx;PPE:xxx;energia czynna oddana;2022-06-21 08:00;Ca쓰 doba;0,264;100,00
xxx;PPE:xxx;energia czynna oddana;2022-06-21 09:00;Ca쓰 doba;0,518;100,00
xxx;PPE:xxx;energia czynna oddana;2022-06-21 10:00;Ca쓰 doba;0,925;100,00
xxx;PPE:xxx;energia czynna oddana;2022-06-21 11:00;Ca쓰 doba;1,637;100,00
xxx;PPE:xxx;energia czynna oddana;2022-06-21 12:00;Ca쓰 doba;1,746;100,00
xxx;PPE:xxx;energia czynna oddana;2022-06-21 13:00;Ca쓰 doba;1,126;100,00
xxx;PPE:xxx;energia czynna oddana;2022-06-21 14:00;Ca쓰 doba;1,513;100,00
xxx;PPE:xxx;energia czynna oddana;2022-06-21 15:00;Ca쓰 doba;0,844;100,00
xxx;PPE:xxx;energia czynna oddana;2022-06-21 16:00;Ca쓰 doba;0,759;100,00
xxx;PPE:xxx;energia czynna oddana;2022-06-21 17:00;Ca쓰 doba;1,132;100,00
xxx;PPE:xxx;energia czynna oddana;2022-06-21 18:00;Ca쓰 doba;0,497;100,00
xxx;PPE:xxx;energia czynna oddana;2022-06-21 19:00;Ca쓰 doba;0,191;100,00
xxx;PPE:xxx;energia czynna oddana;2022-06-21 20:00;Ca쓰 doba;0,050;100,00
xxx;PPE:xxx;energia czynna oddana;2022-06-21 21:00;Ca쓰 doba;0,000;100,00
xxx;PPE:xxx;energia czynna oddana;2022-06-21 22:00;Ca쓰 doba;0,000;100,00
xxx;PPE:xxx;energia czynna oddana;2022-06-21 23:00;Ca쓰 doba;0,000;100,00
xxx;PPE:xxx;energia czynna oddana;2022-06-22 00:00;Ca쓰 doba;0,000;100,00
xxx;PPE:xxx;energia czynna oddana;2022-06-22 01:00;Ca쓰 doba;0,000;100,00
xxx;PPE:xxx;energia czynna oddana;2022-06-22 02:00;Ca쓰 doba;0,000;100,00
xxx;PPE:xxx;energia czynna oddana;2022-06-22 03:00;Ca쓰 doba;0,000;100,00
xxx;PPE:xxx;energia czynna oddana;2022-06-22 04:00;Ca쓰 doba;0,000;100,00
xxx;PPE:xxx;energia czynna oddana;2022-06-22 05:00;Ca쓰 doba;0,000;100,00
xxx;PPE:xxx;energia czynna oddana;2022-06-22 06:00;Ca쓰 doba;0,013;100,00
xxx;PPE:xxx;energia czynna oddana;2022-06-22 07:00;Ca쓰 doba;0,066;100,00
xxx;PPE:xxx;energia czynna oddana;2022-06-22 08:00;Ca쓰 doba;0,270;100,00
xxx;PPE:xxx;energia czynna oddana;2022-06-22 09:00;Ca쓰 doba;0,684;100,00
xxx;PPE:xxx;energia czynna oddana;2022-06-22 10:00;Ca쓰 doba;1,388;100,00
xxx;PPE:xxx;energia czynna oddana;2022-06-22 11:00;Ca쓰 doba;1,914;100,00
xxx;PPE:xxx;energia czynna oddana;2022-06-22 12:00;Ca쓰 doba;2,211;100,00
xxx;PPE:xxx;energia czynna oddana;2022-06-22 13:00;Ca쓰 doba;2,435;100,00
xxx;PPE:xxx;energia czynna oddana;2022-06-22 14:00;Ca쓰 doba;2,463;100,00
xxx;PPE:xxx;energia czynna oddana;2022-06-22 15:00;Ca쓰 doba;2,231;100,00
xxx;PPE:xxx;energia czynna oddana;2022-06-22 16:00;Ca쓰 doba;1,992;100,00
xxx;PPE:xxx;energia czynna oddana;2022-06-22 17:00;Ca쓰 doba;1,435;100,00
xxx;PPE:xxx;energia czynna oddana;2022-06-22 18:00;Ca쓰 doba;0,575;100,00
xxx;PPE:xxx;energia czynna oddana;2022-06-22 19:00;Ca쓰 doba;0,071;100,00
xxx;PPE:xxx;energia czynna oddana;2022-06-22 20:00;Ca쓰 doba;0,003;100,00
xxx;PPE:xxx;energia czynna oddana;2022-06-22 21:00;Ca쓰 doba;0,000;100,00
xxx;PPE:xxx;energia czynna oddana;2022-06-22 22:00;Ca쓰 doba;0,000;100,00
xxx;PPE:xxx;energia czynna oddana;2022-06-22 23:00;Ca쓰 doba;0,000;100,00
xxx;PPE:xxx;energia czynna oddana;2022-06-23 00:00;Ca쓰 doba;0,000;100,00
xxx;PPE:xxx;energia czynna oddana;2022-06-23 01:00;Ca쓰 doba;0,000;100,00
xxx;PPE:xxx;energia czynna oddana;2022-06-23 02:00;Ca쓰 doba;0,000;100,00
xxx;PPE:xxx;energia czynna oddana;2022-06-23 03:00;Ca쓰 doba;0,000;100,00
xxx;PPE:xxx;energia czynna oddana;2022-06-23 04:00;Ca쓰 doba;0,000;100,00
xxx;PPE:xxx;energia czynna oddana;2022-06-23 05:00;Ca쓰 doba;0,000;100,00
xxx;PPE:xxx;energia czynna oddana;2022-06-23 06:00;Ca쓰 doba;0,017;100,00
xxx;PPE:xxx;energia czynna oddana;2022-06-23 07:00;Ca쓰 doba;0,069;100,00
xxx;PPE:xxx;energia czynna oddana;2022-06-23 08:00;Ca쓰 doba;0,234;100,00
xxx;PPE:xxx;energia czynna oddana;2022-06-23 09:00;Ca쓰 doba;0,607;100,00
xxx;PPE:xxx;energia czynna oddana;2022-06-23 10:00;Ca쓰 doba;1,379;100,00
xxx;PPE:xxx;energia czynna oddana;2022-06-23 11:00;Ca쓰 doba;1,874;100,00
xxx;PPE:xxx;energia czynna oddana;2022-06-23 12:00;Ca쓰 doba;2,197;100,00
xxx;PPE:xxx;energia czynna oddana;2022-06-23 13:00;Ca쓰 doba;2,222;100,00
xxx;PPE:xxx;energia czynna oddana;2022-06-23 14:00;Ca쓰 doba;2,375;100,00
xxx;PPE:xxx;energia czynna oddana;2022-06-23 15:00;Ca쓰 doba;2,236;100,00
xxx;PPE:xxx;energia czynna oddana;2022-06-23 16:00;Ca쓰 doba;1,958;100,00
xxx;PPE:xxx;energia czynna oddana;2022-06-23 17:00;Ca쓰 doba;1,430;100,00
xxx;PPE:xxx;energia czynna oddana;2022-06-23 18:00;Ca쓰 doba;0,644;100,00
xxx;PPE:xxx;energia czynna oddana;2022-06-23 19:00;Ca쓰 doba;0,097;100,00
xxx;PPE:xxx;energia czynna oddana;2022-06-23 20:00;Ca쓰 doba;0,000;100,00
xxx;PPE:xxx;energia czynna oddana;2022-06-23 21:00;Ca쓰 doba;0,000;100,00
xxx;PPE:xxx;energia czynna oddana;2022-06-23 22:00;Ca쓰 doba;0,000;100,00
xxx;PPE:xxx;energia czynna oddana;2022-06-23 23:00;Ca쓰 doba;0,000;100,00
xxx;PPE:xxx;energia czynna oddana;2022-06-24 00:00;Ca쓰 doba;0,000;100,00
xxx;PPE:xxx;energia czynna oddana;2022-06-24 01:00;Ca쓰 doba;0,000;100,00
xxx;PPE:xxx;energia czynna oddana;2022-06-24 02:00;Ca쓰 doba;0,000;100,00
xxx;PPE:xxx;energia czynna oddana;2022-06-24 03:00;Ca쓰 doba;0,000;100,00
xxx;PPE:xxx;energia czynna oddana;2022-06-24 04:00;Ca쓰 doba;0,000;100,00
xxx;PPE:xxx;energia czynna oddana;2022-06-24 05:00;Ca쓰 doba;0,000;100,00
xxx;PPE:xxx;energia czynna oddana;2022-06-24 06:00;Ca쓰 doba;0,016;100,00
xxx;PPE:xxx;energia czynna oddana;2022-06-24 07:00;Ca쓰 doba;0,059;100,00
xxx;PPE:xxx;energia czynna oddana;2022-06-24 08:00;Ca쓰 doba;0,252;100,00
xxx;PPE:xxx;energia czynna oddana;2022-06-24 09:00;Ca쓰 doba;0,605;100,00
xxx;PPE:xxx;energia czynna oddana;2022-06-24 10:00;Ca쓰 doba;1,366;100,00
xxx;PPE:xxx;energia czynna oddana;2022-06-24 11:00;Ca쓰 doba;1,835;100,00
xxx;PPE:xxx;energia czynna oddana;2022-06-24 12:00;Ca쓰 doba;2,168;100,00
xxx;PPE:xxx;energia czynna oddana;2022-06-24 13:00;Ca쓰 doba;2,377;100,00
xxx;PPE:xxx;energia czynna oddana;2022-06-24 14:00;Ca쓰 doba;2,368;100,00
xxx;PPE:xxx;energia czynna oddana;2022-06-24 15:00;Ca쓰 doba;2,098;100,00
xxx;PPE:xxx;energia czynna oddana;2022-06-24 16:00;Ca쓰 doba;1,615;100,00
xxx;PPE:xxx;energia czynna oddana;2022-06-24 17:00;Ca쓰 doba;1,339;100,00
xxx;PPE:xxx;energia czynna oddana;2022-06-24 18:00;Ca쓰 doba;0,640;100,00
xxx;PPE:xxx;energia czynna oddana;2022-06-24 19:00;Ca쓰 doba;0,369;100,00
xxx;PPE:xxx;energia czynna oddana;2022-06-24 20:00;Ca쓰 doba;0,112;100,00
xxx;PPE:xxx;energia czynna oddana;2022-06-24 21:00;Ca쓰 doba;0,009;100,00
xxx;PPE:xxx;energia czynna oddana;2022-06-24 22:00;Ca쓰 doba;0,000;100,00
xxx;PPE:xxx;energia czynna oddana;2022-06-24 23:00;Ca쓰 doba;0,000;100,00
xxx;PPE:xxx;energia czynna oddana;2022-06-25 00:00;Ca쓰 doba;0,000;100,00
xxx;PPE:xxx;energia czynna oddana;2022-06-25 01:00;Ca쓰 doba;0,000;100,00
xxx;PPE:xxx;energia czynna oddana;2022-06-25 02:00;Ca쓰 doba;0,000;100,00
xxx;PPE:xxx;energia czynna oddana;2022-06-25 03:00;Ca쓰 doba;0,000;100,00
xxx;PPE:xxx;energia czynna oddana;2022-06-25 04:00;Ca쓰 doba;0,000;100,00
xxx;PPE:xxx;energia czynna oddana;2022-06-25 05:00;Ca쓰 doba;0,000;100,00
xxx;PPE:xxx;energia czynna oddana;2022-06-25 06:00;Ca쓰 doba;0,009;100,00
xxx;PPE:xxx;energia czynna oddana;2022-06-25 07:00;Ca쓰 doba;0,134;100,00
xxx;PPE:xxx;energia czynna oddana;2022-06-25 08:00;Ca쓰 doba;0,308;100,00
xxx;PPE:xxx;energia czynna oddana;2022-06-25 09:00;Ca쓰 doba;0,259;100,00
xxx;PPE:xxx;energia czynna oddana;2022-06-25 10:00;Ca쓰 doba;1,231;100,00
xxx;PPE:xxx;energia czynna oddana;2022-06-25 11:00;Ca쓰 doba;1,685;100,00
xxx;PPE:xxx;energia czynna oddana;2022-06-25 12:00;Ca쓰 doba;1,915;100,00
xxx;PPE:xxx;energia czynna oddana;2022-06-25 13:00;Ca쓰 doba;2,248;100,00
xxx;PPE:xxx;energia czynna oddana;2022-06-25 14:00;Ca쓰 doba;1,902;100,00
xxx;PPE:xxx;energia czynna oddana;2022-06-25 15:00;Ca쓰 doba;1,424;100,00
xxx;PPE:xxx;energia czynna oddana;2022-06-25 16:00;Ca쓰 doba;1,371;100,00
xxx;PPE:xxx;energia czynna oddana;2022-06-25 17:00;Ca쓰 doba;1,283;100,00
xxx;PPE:xxx;energia czynna oddana;2022-06-25 18:00;Ca쓰 doba;0,560;100,00
xxx;PPE:xxx;energia czynna oddana;2022-06-25 19:00;Ca쓰 doba;0,151;100,00
xxx;PPE:xxx;energia czynna oddana;2022-06-25 20:00;Ca쓰 doba;0,000;100,00
xxx;PPE:xxx;energia czynna oddana;2022-06-25 21:00;Ca쓰 doba;0,000;100,00
xxx;PPE:xxx;energia czynna oddana;2022-06-25 22:00;Ca쓰 doba;0,000;100,00
xxx;PPE:xxx;energia czynna oddana;2022-06-25 23:00;Ca쓰 doba;0,000;100,00
xxx;PPE:xxx;energia czynna oddana;2022-06-26 00:00;Ca쓰 doba;0,000;100,00
xxx;PPE:xxx;energia czynna oddana;2022-06-26 01:00;Ca쓰 doba;0,000;100,00
xxx;PPE:xxx;energia czynna oddana;2022-06-26 02:00;Ca쓰 doba;0,000;100,00
xxx;PPE:xxx;energia czynna oddana;2022-06-26 03:00;Ca쓰 doba;0,000;100,00
xxx;PPE:xxx;energia czynna oddana;2022-06-26 04:00;Ca쓰 doba;0,000;100,00
xxx;PPE:xxx;energia czynna oddana;2022-06-26 05:00;Ca쓰 doba;0,000;100,00
xxx;PPE:xxx;energia czynna oddana;2022-06-26 06:00;Ca쓰 doba;0,020;100,00
xxx;PPE:xxx;energia czynna oddana;2022-06-26 07:00;Ca쓰 doba;0,084;100,00
xxx;PPE:xxx;energia czynna oddana;2022-06-26 08:00;Ca쓰 doba;0,276;100,00
xxx;PPE:xxx;energia czynna oddana;2022-06-26 09:00;Ca쓰 doba;0,589;100,00
xxx;PPE:xxx;energia czynna oddana;2022-06-26 10:00;Ca쓰 doba;1,250;100,00
xxx;PPE:xxx;energia czynna oddana;2022-06-26 11:00;Ca쓰 doba;1,537;100,00
xxx;PPE:xxx;energia czynna oddana;2022-06-26 12:00;Ca쓰 doba;2,069;100,00
xxx;PPE:xxx;energia czynna oddana;2022-06-26 13:00;Ca쓰 doba;2,255;100,00
xxx;PPE:xxx;energia czynna oddana;2022-06-26 14:00;Ca쓰 doba;2,280;100,00
xxx;PPE:xxx;energia czynna oddana;2022-06-26 15:00;Ca쓰 doba;2,150;100,00
xxx;PPE:xxx;energia czynna oddana;2022-06-26 16:00;Ca쓰 doba;0,991;100,00
xxx;PPE:xxx;energia czynna oddana;2022-06-26 17:00;Ca쓰 doba;0,678;100,00
xxx;PPE:xxx;energia czynna oddana;2022-06-26 18:00;Ca쓰 doba;0,403;100,00
xxx;PPE:xxx;energia czynna oddana;2022-06-26 19:00;Ca쓰 doba;0,204;100,00
xxx;PPE:xxx;energia czynna oddana;2022-06-26 20:00;Ca쓰 doba;0,008;100,00
xxx;PPE:xxx;energia czynna oddana;2022-06-26 21:00;Ca쓰 doba;0,000;100,00
xxx;PPE:xxx;energia czynna oddana;2022-06-26 22:00;Ca쓰 doba;0,000;100,00
xxx;PPE:xxx;energia czynna oddana;2022-06-26 23:00;Ca쓰 doba;0,000;100,00
xxx;PPE:xxx;energia czynna oddana;2022-06-27 00:00;Ca쓰 doba;0,000;100,00
xxx;PPE:xxx;energia czynna oddana;2022-06-27 01:00;Ca쓰 doba;0,000;100,00
xxx;PPE:xxx;energia czynna oddana;2022-06-27 02:00;Ca쓰 doba;0,000;100,00
xxx;PPE:xxx;energia czynna oddana;2022-06-27 03:00;Ca쓰 doba;0,000;100,00
xxx;PPE:xxx;energia czynna oddana;2022-06-27 04:00;Ca쓰 doba;0,000;100,00
xxx;PPE:xxx;energia czynna oddana;2022-06-27 05:00;Ca쓰 doba;0,000;100,00
xxx;PPE:xxx;energia czynna oddana;2022-06-27 06:00;Ca쓰 doba;0,020;100,00
xxx;PPE:xxx;energia czynna oddana;2022-06-27 07:00;Ca쓰 doba;0,082;100,00
xxx;PPE:xxx;energia czynna oddana;2022-06-27 08:00;Ca쓰 doba;0,272;100,00
xxx;PPE:xxx;energia czynna oddana;2022-06-27 09:00;Ca쓰 doba;0,542;100,00
xxx;PPE:xxx;energia czynna oddana;2022-06-27 10:00;Ca쓰 doba;1,246;100,00
xxx;PPE:xxx;energia czynna oddana;2022-06-27 11:00;Ca쓰 doba;1,740;100,00
xxx;PPE:xxx;energia czynna oddana;2022-06-27 12:00;Ca쓰 doba;2,067;100,00
xxx;PPE:xxx;energia czynna oddana;2022-06-27 13:00;Ca쓰 doba;2,216;100,00
xxx;PPE:xxx;energia czynna oddana;2022-06-27 14:00;Ca쓰 doba;2,254;100,00
xxx;PPE:xxx;energia czynna oddana;2022-06-27 15:00;Ca쓰 doba;2,130;100,00
xxx;PPE:xxx;energia czynna oddana;2022-06-27 16:00;Ca쓰 doba;1,764;100,00
xxx;PPE:xxx;energia czynna oddana;2022-06-27 17:00;Ca쓰 doba;1,396;100,00
xxx;PPE:xxx;energia czynna oddana;2022-06-27 18:00;Ca쓰 doba;0,483;100,00
xxx;PPE:xxx;energia czynna oddana;2022-06-27 19:00;Ca쓰 doba;0,120;100,00
xxx;PPE:xxx;energia czynna oddana;2022-06-27 20:00;Ca쓰 doba;0,001;100,00
xxx;PPE:xxx;energia czynna oddana;2022-06-27 21:00;Ca쓰 doba;0,000;100,00
xxx;PPE:xxx;energia czynna oddana;2022-06-27 22:00;Ca쓰 doba;0,000;100,00
xxx;PPE:xxx;energia czynna oddana;2022-06-27 23:00;Ca쓰 doba;0,000;100,00
xxx;PPE:xxx;energia czynna oddana;2022-06-28 00:00;Ca쓰 doba;0,000;100,00
xxx;PPE:xxx;energia czynna oddana;2022-06-28 01:00;Ca쓰 doba;0,000;100,00
xxx;PPE:xxx;energia czynna oddana;2022-06-28 02:00;Ca쓰 doba;0,000;100,00
xxx;PPE:xxx;energia czynna oddana;2022-06-28 03:00;Ca쓰 doba;0,000;100,00
xxx;PPE:xxx;energia czynna oddana;2022-06-28 04:00;Ca쓰 doba;0,000;100,00
xxx;PPE:xxx;energia czynna oddana;2022-06-28 05:00;Ca쓰 doba;0,000;100,00
xxx;PPE:xxx;energia czynna oddana;2022-06-28 06:00;Ca쓰 doba;0,010;100,00
xxx;PPE:xxx;energia czynna oddana;2022-06-28 07:00;Ca쓰 doba;0,093;100,00
xxx;PPE:xxx;energia czynna oddana;2022-06-28 08:00;Ca쓰 doba;0,149;100,00
xxx;PPE:xxx;energia czynna oddana;2022-06-28 09:00;Ca쓰 doba;0,161;100,00
xxx;PPE:xxx;energia czynna oddana;2022-06-28 10:00;Ca쓰 doba;0,542;100,00
xxx;PPE:xxx;energia czynna oddana;2022-06-28 11:00;Ca쓰 doba;0,492;100,00
xxx;PPE:xxx;energia czynna oddana;2022-06-28 12:00;Ca쓰 doba;0,854;100,00
xxx;PPE:xxx;energia czynna oddana;2022-06-28 13:00;Ca쓰 doba;0,928;100,00
xxx;PPE:xxx;energia czynna oddana;2022-06-28 14:00;Ca쓰 doba;1,881;100,00
xxx;PPE:xxx;energia czynna oddana;2022-06-28 15:00;Ca쓰 doba;1,020;100,00
xxx;PPE:xxx;energia czynna oddana;2022-06-28 16:00;Ca쓰 doba;0,677;100,00
xxx;PPE:xxx;energia czynna oddana;2022-06-28 17:00;Ca쓰 doba;0,883;100,00
xxx;PPE:xxx;energia czynna oddana;2022-06-28 18:00;Ca쓰 doba;0,581;100,00
xxx;PPE:xxx;energia czynna oddana;2022-06-28 19:00;Ca쓰 doba;0,114;100,00
xxx;PPE:xxx;energia czynna oddana;2022-06-28 20:00;Ca쓰 doba;0,026;100,00
xxx;PPE:xxx;energia czynna oddana;2022-06-28 21:00;Ca쓰 doba;0,000;100,00
xxx;PPE:xxx;energia czynna oddana;2022-06-28 22:00;Ca쓰 doba;0,000;100,00
xxx;PPE:xxx;energia czynna oddana;2022-06-28 23:00;Ca쓰 doba;0,000;100,00
xxx;PPE:xxx;energia czynna oddana;2022-06-29 00:00;Ca쓰 doba;0,000;100,00
xxx;PPE:xxx;energia czynna oddana;2022-06-29 01:00;Ca쓰 doba;0,000;100,00
xxx;PPE:xxx;energia czynna oddana;2022-06-29 02:00;Ca쓰 doba;0,000;100,00
xxx;PPE:xxx;energia czynna oddana;2022-06-29 03:00;Ca쓰 doba;0,000;100,00
xxx;PPE:xxx;energia czynna oddana;2022-06-29 04:00;Ca쓰 doba;0,000;100,00
xxx;PPE:xxx;energia czynna oddana;2022-06-29 05:00;Ca쓰 doba;0,000;100,00
xxx;PPE:xxx;energia czynna oddana;2022-06-29 06:00;Ca쓰 doba;0,009;100,00
xxx;PPE:xxx;energia czynna oddana;2022-06-29 07:00;Ca쓰 doba;0,034;100,00
xxx;PPE:xxx;energia czynna oddana;2022-06-29 08:00;Ca쓰 doba;0,118;100,00
xxx;PPE:xxx;energia czynna oddana;2022-06-29 09:00;Ca쓰 doba;0,381;100,00
xxx;PPE:xxx;energia czynna oddana;2022-06-29 10:00;Ca쓰 doba;0,237;100,00
xxx;PPE:xxx;energia czynna oddana;2022-06-29 11:00;Ca쓰 doba;0,116;100,00
xxx;PPE:xxx;energia czynna oddana;2022-06-29 12:00;Ca쓰 doba;0,273;100,00
xxx;PPE:xxx;energia czynna oddana;2022-06-29 13:00;Ca쓰 doba;1,585;100,00
xxx;PPE:xxx;energia czynna oddana;2022-06-29 14:00;Ca쓰 doba;1,797;100,00
xxx;PPE:xxx;energia czynna oddana;2022-06-29 15:00;Ca쓰 doba;1,212;100,00
xxx;PPE:xxx;energia czynna oddana;2022-06-29 16:00;Ca쓰 doba;0,491;100,00
xxx;PPE:xxx;energia czynna oddana;2022-06-29 17:00;Ca쓰 doba;0,571;100,00
xxx;PPE:xxx;energia czynna oddana;2022-06-29 18:00;Ca쓰 doba;0,399;100,00
xxx;PPE:xxx;energia czynna oddana;2022-06-29 19:00;Ca쓰 doba;0,221;100,00
xxx;PPE:xxx;energia czynna oddana;2022-06-29 20:00;Ca쓰 doba;0,099;100,00
xxx;PPE:xxx;energia czynna oddana;2022-06-29 21:00;Ca쓰 doba;0,000;100,00
xxx;PPE:xxx;energia czynna oddana;2022-06-29 22:00;Ca쓰 doba;0,000;100,00
xxx;PPE:xxx;energia czynna oddana;2022-06-29 23:00;Ca쓰 doba;0,000;100,00
xxx;PPE:xxx;energia czynna oddana;2022-06-30 00:00;Ca쓰 doba;0,000;100,00
xxx;PPE:xxx;energia czynna oddana;2022-06-30 01:00;Ca쓰 doba;0,000;100,00
xxx;PPE:xxx;energia czynna oddana;2022-06-30 02:00;Ca쓰 doba;0,000;100,00
xxx;PPE:xxx;energia czynna oddana;2022-06-30 03:00;Ca쓰 doba;0,000;100,00
xxx;PPE:xxx;energia czynna oddana;2022-06-30 04:00;Ca쓰 doba;0,000;100,00
xxx;PPE:xxx;energia czynna oddana;2022-06-30 05:00;Ca쓰 doba;0,000;100,00
xxx;PPE:xxx;energia czynna oddana;2022-06-30 06:00;Ca쓰 doba;0,000;100,00
xxx;PPE:xxx;energia czynna oddana;2022-06-30 07:00;Ca쓰 doba;0,080;100,00
xxx;PPE:xxx;energia czynna oddana;2022-06-30 08:00;Ca쓰 doba;0,258;100,00
xxx;PPE:xxx;energia czynna oddana;2022-06-30 09:00;Ca쓰 doba;0,584;100,00
xxx;PPE:xxx;energia czynna oddana;2022-06-30 10:00;Ca쓰 doba;1,274;100,00
xxx;PPE:xxx;energia czynna oddana;2022-06-30 11:00;Ca쓰 doba;1,748;100,00
xxx;PPE:xxx;energia czynna oddana;2022-06-30 12:00;Ca쓰 doba;1,757;100,00
xxx;PPE:xxx;energia czynna oddana;2022-06-30 13:00;Ca쓰 doba;1,795;100,00
xxx;PPE:xxx;energia czynna oddana;2022-06-30 14:00;Ca쓰 doba;2,109;100,00
xxx;PPE:xxx;energia czynna oddana;2022-06-30 15:00;Ca쓰 doba;1,933;100,00
xxx;PPE:xxx;energia czynna oddana;2022-06-30 16:00;Ca쓰 doba;1,867;100,00
xxx;PPE:xxx;energia czynna oddana;2022-06-30 17:00;Ca쓰 doba;1,418;100,00
xxx;PPE:xxx;energia czynna oddana;2022-06-30 18:00;Ca쓰 doba;0,619;100,00
xxx;PPE:xxx;energia czynna oddana;2022-06-30 19:00;Ca쓰 doba;0,186;100,00
xxx;PPE:xxx;energia czynna oddana;2022-06-30 20:00;Ca쓰 doba;0,115;100,00
xxx;PPE:xxx;energia czynna oddana;2022-06-30 21:00;Ca쓰 doba;0,054;100,00
xxx;PPE:xxx;energia czynna oddana;2022-06-30 22:00;Ca쓰 doba;0,000;100,00
xxx;PPE:xxx;energia czynna oddana;2022-06-30 23:00;Ca쓰 doba;0,000;100,00
xxx;PPE:xxx;energia czynna oddana;2022-07-01 00:00;Ca쓰 doba;0,000;100,00
